epochs,batch_size,hidden_layers,activation,learning_rate,accuracy,precision_0,recall_0,f1_0,precision_1,recall_1,f1_1
2,32,"[32, 16]",relu,0.001,0.883263349533081,0.7776499255448761,0.9791205045167888,0.8668326542930436,0.984157775622373,0.8224804106998108,0.8960847806888431
5,32,"[32, 16]",relu,0.001,0.8765501379966736,0.7857295907435183,0.9375319584114539,0.854944627938605,0.954858972779899,0.8378816536071332,0.892553895748784
